<?xml version="1.0" encoding="UTF-8"?>
<GenRun Id="synth_1" LaunchPart="xc7a35tcpg236-1" LaunchTime="1435069161">
  <File Type="RDS-DCP" Name="DA2RefComp.dcp"/>
  <File Type="RUN-CONSTRS" Name="$PDATADIR/runs/synth_1/constrs_in.xml"/>
  <File Type="RDS-UTIL-PB" Name="DA2RefComp_utilization_synth.pb"/>
  <File Type="RUN-SRCS" Name="$PDATADIR/runs/synth_1/sources.xml"/>
  <File Type="RDS-PROPCONSTRS" Name="DA2RefComp_drc_synth.rpt"/>
  <File Type="PA-TCL" Name="DA2RefComp.tcl"/>
  <File Type="RUN-STRAT" Name="$PDATADIR/runs/synth_1/synth_1.psg"/>
  <File Type="RDS-RDS" Name="DA2RefComp.vds"/>
  <File Type="RDS-UTIL" Name="DA2RefComp_utilization_synth.rpt"/>
  <File Type="VDS-TIMINGSUMMARY" Name="DA2RefComp_timing_summary_synth.rpt"/>
  <File Type="VDS-TIMING-PB" Name="DA2RefComp_timing_summary_synth.pb"/>
  <FileSet Name="sources" Type="DesignSrcs" RelSrcDir="$PSRCDIR/sources_1">
    <Filter Type="Srcs"/>
    <File Path="$PSRCDIR/sources_1/imports/EET203_MAC_Sp11/DA2RefComp.vhd">
      <FileInfo>
        <Attr Name="ImportPath" Val="H:/My Programs/Xilinx/MyProjects/EET203_MAC_Sp11/DA2RefComp.vhd"/>
        <Attr Name="ImportTime" Val="1294163286"/>
        <Attr Name="UsedIn" Val="synthesis"/>
        <Attr Name="UsedIn" Val="simulation"/>
      </FileInfo>
    </File>
    <Config>
      <Option Name="DesignMode" Val="RTL"/>
      <Option Name="TopModule" Val="DA2RefComp"/>
      <Option Name="TopAutoSet" Val="TRUE"/>
    </Config>
  </FileSet>
  <FileSet Name="constrs_in" Type="Constrs" RelSrcDir="$PSRCDIR/constrs_1">
    <Filter Type="Constrs"/>
    <Config>
      <Option Name="ConstrsType" Val="XDC"/>
    </Config>
  </FileSet>
  <Strategy Version="1" Minor="2">
    <StratHandle Name="Vivado Synthesis Defaults" Flow="Vivado Synthesis 2014"/>
    <Step Id="synth_design"/>
  </Strategy>
</GenRun>
