<?xml version="1.0" encoding="UTF-8"?>
<GenRun Id="impl_1" LaunchPart="xc7z010clg400-1" LaunchTime="1454888166">
  <File Type="OPT-DCP" Name="Lab10_wrapper_opt.dcp"/>
  <File Type="RUN-CONSTRS" Name="$PDATADIR/runs/impl_1/constrs_in.xml"/>
  <File Type="RUN-SRCS" Name="$PDATADIR/runs/impl_1/sources.xml"/>
  <File Type="ROUTE-DCP" Name="Lab10_wrapper_routed.dcp"/>
  <File Type="PA-TCL" Name="Lab10_wrapper.tcl"/>
  <File Type="RUN-STRAT" Name="$PDATADIR/runs/impl_1/impl_1.psg"/>
  <File Type="OPT-DRC" Name="Lab10_wrapper_drc_opted.rpt"/>
  <File Type="INIT-TIMING" Name="Lab10_wrapper_timing_summary_init.rpt"/>
  <File Type="OPT-TIMING" Name="Lab10_wrapper_timing_summary_opted.rpt"/>
  <File Type="OPT-HWDEF" Name="Lab10_wrapper.hwdef"/>
  <File Type="PWROPT-DCP" Name="Lab10_wrapper_pwropt.dcp"/>
  <File Type="PWROPT-DRC" Name="Lab10_wrapper_drc_pwropted.rpt"/>
  <File Type="PWROPT-TIMING" Name="Lab10_wrapper_timing_summary_pwropted.rpt"/>
  <File Type="PLACE-DCP" Name="Lab10_wrapper_placed.dcp"/>
  <File Type="PLACE-IO" Name="Lab10_wrapper_io_placed.rpt"/>
  <File Type="PLACE-CLK" Name="Lab10_wrapper_clock_utilization_placed.rpt"/>
  <File Type="PLACE-UTIL" Name="Lab10_wrapper_utilization_placed.rpt"/>
  <File Type="PLACE-UTIL-PB" Name="Lab10_wrapper_utilization_placed.pb"/>
  <File Type="PLACE-CTRL" Name="Lab10_wrapper_control_sets_placed.rpt"/>
  <File Type="PLACE-SIMILARITY" Name="Lab10_wrapper_incremental_reuse_placed.rpt"/>
  <File Type="PLACE-PRE-SIMILARITY" Name="Lab10_wrapper_incremental_reuse_pre_placed.rpt"/>
  <File Type="PLACE-TIMING" Name="Lab10_wrapper_timing_summary_placed.rpt"/>
  <File Type="POSTPLACE-PWROPT-DCP" Name="Lab10_wrapper_postplace_pwropt.dcp"/>
  <File Type="POSTPLACE-PWROPT-TIMING" Name="Lab10_wrapper_timing_summary_postplace_pwropted.rpt"/>
  <File Type="PHYSOPT-DCP" Name="Lab10_wrapper_physopt.dcp"/>
  <File Type="RDI-RDI" Name="Lab10_wrapper.vdi"/>
  <File Type="PHYSOPT-DRC" Name="Lab10_wrapper_drc_physopted.rpt"/>
  <File Type="PHYSOPT-TIMING" Name="Lab10_wrapper_timing_summary_physopted.rpt"/>
  <File Type="ROUTE-DRC" Name="Lab10_wrapper_drc_routed.rpt"/>
  <File Type="ROUTE-DRC-PB" Name="Lab10_wrapper_drc_routed.pb"/>
  <File Type="ROUTE-PWR" Name="Lab10_wrapper_power_routed.rpt"/>
  <File Type="ROUTE-PWR-SUM" Name="Lab10_wrapper_power_summary_routed.pb"/>
  <File Type="ROUTE-STATUS" Name="Lab10_wrapper_route_status.rpt"/>
  <File Type="ROUTE-STATUS-PB" Name="Lab10_wrapper_route_status.pb"/>
  <File Type="ROUTE-TIMINGSUMMARY" Name="Lab10_wrapper_timing_summary_routed.rpt"/>
  <File Type="ROUTE-TIMING-PB" Name="Lab10_wrapper_timing_summary_routed.pb"/>
  <File Type="ROUTE-TIMING-RPX" Name="Lab10_wrapper_timing_summary_routed.rpx"/>
  <File Type="ROUTE-SIMILARITY" Name="Lab10_wrapper_incremental_reuse_routed.rpt"/>
  <File Type="ROUTE-CLK" Name="Lab10_wrapper_clock_utilization_routed.rpt"/>
  <File Type="POSTROUTE-PHYSOPT-DCP" Name="Lab10_wrapper_postroute_physopt.dcp"/>
  <File Type="POSTROUTE-PHYSOPT-TIMING" Name="Lab10_wrapper_timing_summary_postroute_physopted.rpt"/>
  <File Type="POSTROUTE-PHYSOPT-TIMING-PB" Name="Lab10_wrapper_timing_summary_postroute_physopted.pb"/>
  <File Type="POSTROUTE-PHYSOPT-TIMING-RPX" Name="Lab10_wrapper_timing_summary_postroute_physopted.rpx"/>
  <File Type="BG-BIT" Name="Lab10_wrapper.bit"/>
  <File Type="BG-BIN" Name="Lab10_wrapper.bin"/>
  <File Type="BITSTR-MSK" Name="Lab10_wrapper.msk"/>
  <File Type="BITSTR-RBT" Name="Lab10_wrapper.rbt"/>
  <File Type="BITSTR-NKY" Name="Lab10_wrapper.nky"/>
  <File Type="BITSTR-BMM" Name="Lab10_wrapper_bd.bmm"/>
  <File Type="BITSTR-MMI" Name="Lab10_wrapper.mmi"/>
  <File Type="BITSTR-SYSDEF" Name="Lab10_wrapper.sysdef"/>
  <File Type="BG-BGN" Name="Lab10_wrapper.bgn"/>
  <File Type="BG-DRC" Name="Lab10_wrapper.drc"/>
  <File Type="WBT-USG" Name="usage_statistics_webtalk.html"/>
  <FileSet Name="sources" Type="DesignSrcs" RelSrcDir="$PSRCDIR/sources_1">
    <Filter Type="Srcs"/>
    <File Path="$PSRCDIR/sources_1/bd/Lab10/Lab10.bd">
      <FileInfo>
        <Attr Name="ImportPath" Val="$PPRDIR/../../../../../../E305Lab10MAC/E305Lab10MAC.srcs/sources_1/bd/Lab10/Lab10.bd"/>
        <Attr Name="ImportTime" Val="1434562821"/>
        <Attr Name="UsedIn" Val="synthesis"/>
        <Attr Name="UsedIn" Val="implementation"/>
        <Attr Name="UsedIn" Val="simulation"/>
      </FileInfo>
    </File>
    <File Path="$PSRCDIR/sources_1/bd/Lab10/hdl/Lab10_wrapper.vhd">
      <FileInfo>
        <Attr Name="ImportPath" Val="$PPRDIR/../../../../../../E305Lab10MAC/E305Lab10MAC.srcs/sources_1/bd/Lab10/hdl/Lab10_wrapper.vhd"/>
        <Attr Name="ImportTime" Val="1433774845"/>
        <Attr Name="UsedIn" Val="synthesis"/>
        <Attr Name="UsedIn" Val="simulation"/>
      </FileInfo>
    </File>
    <File Path="$PSRCDIR/sources_1/bd/Lab10/ip/Lab10_FSM_0_0/Lab10_FSM_0_0.upgrade_log">
      <FileInfo>
        <Attr Name="ImportPath" Val="$PPRDIR/../../../../../../E305Lab10MAC/E305Lab10MAC.srcs/sources_1/bd/Lab10/ip/Lab10_FSM_0_0/Lab10_FSM_0_0.upgrade_log"/>
        <Attr Name="ImportTime" Val="1433773934"/>
      </FileInfo>
    </File>
    <File Path="$PSRCDIR/sources_1/bd/Lab10/ip/Lab10_clk_wiz_0_0/Lab10_clk_wiz_0_0.upgrade_log">
      <FileInfo>
        <Attr Name="ImportPath" Val="$PPRDIR/../../../../../../E305Lab10MAC/E305Lab10MAC.srcs/sources_1/bd/Lab10/ip/Lab10_clk_wiz_0_0/Lab10_clk_wiz_0_0.upgrade_log"/>
        <Attr Name="ImportTime" Val="1434562773"/>
      </FileInfo>
    </File>
    <File Path="$PSRCDIR/sources_1/bd/Lab10/ip/Lab10_proc_sys_reset_0_0/Lab10_proc_sys_reset_0_0.upgrade_log">
      <FileInfo>
        <Attr Name="ImportPath" Val="$PPRDIR/../../../../../../E305Lab10MAC/E305Lab10MAC.srcs/sources_1/bd/Lab10/ip/Lab10_proc_sys_reset_0_0/Lab10_proc_sys_reset_0_0.upgrade_log"/>
        <Attr Name="ImportTime" Val="1434562774"/>
      </FileInfo>
    </File>
    <File Path="$PSRCDIR/sources_1/bd/Lab10/ip/Lab10_DA2RefComp_0_0/Lab10_DA2RefComp_0_0.upgrade_log">
      <FileInfo>
        <Attr Name="ImportPath" Val="$PPRDIR/../../../XadcMacDa2_Zybo/XadcMacDa2_Bsys3.srcs/sources_1/bd/Lab10/ip/Lab10_DA2RefComp_0_0/Lab10_DA2RefComp_0_0.upgrade_log"/>
        <Attr Name="ImportTime" Val="1438015472"/>
      </FileInfo>
    </File>
    <File Path="$PSRCDIR/sources_1/bd/Lab10/ip/Lab10_xlconstant_0_0/Lab10_xlconstant_0_0.upgrade_log">
      <FileInfo>
        <Attr Name="ImportPath" Val="$PPRDIR/../../../XadcMacDa2_Zybo/XadcMacDa2_Bsys3.srcs/sources_1/bd/Lab10/ip/Lab10_xlconstant_0_0/Lab10_xlconstant_0_0.upgrade_log"/>
        <Attr Name="ImportTime" Val="1454361802"/>
      </FileInfo>
    </File>
    <File Path="$PSRCDIR/sources_1/bd/Lab10/ip/Lab10_xlconstant_1_0/Lab10_xlconstant_1_0.upgrade_log">
      <FileInfo>
        <Attr Name="ImportPath" Val="$PPRDIR/../../../XadcMacDa2_Zybo/XadcMacDa2_Bsys3.srcs/sources_1/bd/Lab10/ip/Lab10_xlconstant_1_0/Lab10_xlconstant_1_0.upgrade_log"/>
        <Attr Name="ImportTime" Val="1454361802"/>
      </FileInfo>
    </File>
    <File Path="$PSRCDIR/sources_1/bd/Lab10/ip/Lab10_xlconstant_2_0/Lab10_xlconstant_2_0.upgrade_log">
      <FileInfo>
        <Attr Name="ImportPath" Val="$PPRDIR/../../../XadcMacDa2_Zybo/XadcMacDa2_Bsys3.srcs/sources_1/bd/Lab10/ip/Lab10_xlconstant_2_0/Lab10_xlconstant_2_0.upgrade_log"/>
        <Attr Name="ImportTime" Val="1454361804"/>
      </FileInfo>
    </File>
    <File Path="$PSRCDIR/sources_1/bd/Lab10/ip/Lab10_xlslice_0_0/Lab10_xlslice_0_0.upgrade_log">
      <FileInfo>
        <Attr Name="ImportPath" Val="$PPRDIR/../../../XadcMacDa2_Zybo/XadcMacDa2_Bsys3.srcs/sources_1/bd/Lab10/ip/Lab10_xlslice_0_0/Lab10_xlslice_0_0.upgrade_log"/>
        <Attr Name="ImportTime" Val="1454361804"/>
      </FileInfo>
    </File>
    <File Path="$PSRCDIR/sources_1/bd/Lab10/ip/Lab10_xadc_wiz_1_0/Lab10_xadc_wiz_1_0.upgrade_log">
      <FileInfo>
        <Attr Name="ImportPath" Val="$PPRDIR/../../../XadcMacDa2_Zybo/XadcMacDa2_Bsys3.srcs/sources_1/bd/Lab10/ip/Lab10_xadc_wiz_1_0/Lab10_xadc_wiz_1_0.upgrade_log"/>
        <Attr Name="ImportTime" Val="1454361800"/>
      </FileInfo>
    </File>
    <File Path="$PSRCDIR/sources_1/bd/Lab10/ip/Lab10_xlconstant_3_0/Lab10_xlconstant_3_0.upgrade_log">
      <FileInfo>
        <Attr Name="ImportPath" Val="$PPRDIR/../../../XadcMacDa2_Zybo/XadcMacDa2_Bsys3.srcs/sources_1/bd/Lab10/ip/Lab10_xlconstant_3_0/Lab10_xlconstant_3_0.upgrade_log"/>
        <Attr Name="ImportTime" Val="1454361804"/>
      </FileInfo>
    </File>
    <File Path="$PSRCDIR/sources_1/bd/Lab10/ip/Lab10_MACwClkDiv_0_2/Lab10_MACwClkDiv_0_2.upgrade_log"/>
    <Config>
      <Option Name="DesignMode" Val="RTL"/>
      <Option Name="TopModule" Val="Lab10_wrapper"/>
      <Option Name="TopAutoSet" Val="TRUE"/>
    </Config>
  </FileSet>
  <FileSet Name="constrs_in" Type="Constrs" RelSrcDir="$PSRCDIR/constrs_1">
    <Filter Type="Constrs"/>
    <File Path="$PSRCDIR/constrs_1/imports/ZYBO_Master_xdc/ZYBO_Master.xdc">
      <FileInfo>
        <Attr Name="ImportPath" Val="$PPRDIR/../../../Users/wwest/Downloads/ZYBO_Master_xdc/ZYBO_Master.xdc"/>
        <Attr Name="ImportTime" Val="1438016394"/>
        <Attr Name="UsedIn" Val="synthesis"/>
        <Attr Name="UsedIn" Val="implementation"/>
      </FileInfo>
    </File>
    <Config>
      <Option Name="ConstrsType" Val="XDC"/>
    </Config>
  </FileSet>
  <Strategy Version="1" Minor="2">
    <StratHandle Name="Vivado Implementation Defaults" Flow="Vivado Implementation 2014"/>
    <Step Id="init_design"/>
    <Step Id="opt_design"/>
    <Step Id="power_opt_design"/>
    <Step Id="place_design"/>
    <Step Id="post_place_power_opt_design"/>
    <Step Id="phys_opt_design"/>
    <Step Id="route_design"/>
    <Step Id="post_route_phys_opt_design"/>
    <Step Id="write_bitstream"/>
  </Strategy>
</GenRun>
