<?xml version="1.0" encoding="UTF-8"?>
<GenRun Id="synth_1" LaunchPart="xc7z010clg400-1" LaunchTime="1454877729">
  <File Type="RUN-CONSTRS" Name="$PDATADIR/runs/synth_1/constrs_in.xml"/>
  <File Type="RDS-DCP" Name="Lab10_wrapper.dcp"/>
  <File Type="RUN-SRCS" Name="$PDATADIR/runs/synth_1/sources.xml"/>
  <File Type="RDS-UTIL-PB" Name="Lab10_wrapper_utilization_synth.pb"/>
  <File Type="RUN-STRAT" Name="$PDATADIR/runs/synth_1/synth_1.psg"/>
  <File Type="PA-TCL" Name="Lab10_wrapper.tcl"/>
  <File Type="RDS-PROPCONSTRS" Name="Lab10_wrapper_drc_synth.rpt"/>
  <File Type="RDS-RDS" Name="Lab10_wrapper.vds"/>
  <File Type="RDS-UTIL" Name="Lab10_wrapper_utilization_synth.rpt"/>
  <File Type="VDS-TIMINGSUMMARY" Name="Lab10_wrapper_timing_summary_synth.rpt"/>
  <File Type="VDS-TIMING-PB" Name="Lab10_wrapper_timing_summary_synth.pb"/>
  <FileSet Name="sources" Type="DesignSrcs" RelSrcDir="$PSRCDIR/sources_1">
    <Filter Type="Srcs"/>
    <File Path="$PSRCDIR/sources_1/bd/Lab10/Lab10.bd">
      <FileInfo>
        <Attr Name="ImportPath" Val="$PPRDIR/../../../../../../E305Lab10MAC/E305Lab10MAC.srcs/sources_1/bd/Lab10/Lab10.bd"/>
        <Attr Name="ImportTime" Val="1434562821"/>
        <Attr Name="UsedIn" Val="synthesis"/>
        <Attr Name="UsedIn" Val="implementation"/>
        <Attr Name="UsedIn" Val="simulation"/>
      </FileInfo>
    </File>
    <File Path="$PSRCDIR/sources_1/bd/Lab10/hdl/Lab10_wrapper.vhd">
      <FileInfo>
        <Attr Name="ImportPath" Val="$PPRDIR/../../../../../../E305Lab10MAC/E305Lab10MAC.srcs/sources_1/bd/Lab10/hdl/Lab10_wrapper.vhd"/>
        <Attr Name="ImportTime" Val="1433774845"/>
        <Attr Name="UsedIn" Val="synthesis"/>
        <Attr Name="UsedIn" Val="simulation"/>
      </FileInfo>
    </File>
    <File Path="$PSRCDIR/sources_1/bd/Lab10/ip/Lab10_FSM_0_0/Lab10_FSM_0_0.upgrade_log">
      <FileInfo>
        <Attr Name="ImportPath" Val="$PPRDIR/../../../../../../E305Lab10MAC/E305Lab10MAC.srcs/sources_1/bd/Lab10/ip/Lab10_FSM_0_0/Lab10_FSM_0_0.upgrade_log"/>
        <Attr Name="ImportTime" Val="1433773934"/>
      </FileInfo>
    </File>
    <File Path="$PSRCDIR/sources_1/bd/Lab10/ip/Lab10_clk_wiz_0_0/Lab10_clk_wiz_0_0.upgrade_log">
      <FileInfo>
        <Attr Name="ImportPath" Val="$PPRDIR/../../../../../../E305Lab10MAC/E305Lab10MAC.srcs/sources_1/bd/Lab10/ip/Lab10_clk_wiz_0_0/Lab10_clk_wiz_0_0.upgrade_log"/>
        <Attr Name="ImportTime" Val="1434562773"/>
      </FileInfo>
    </File>
    <File Path="$PSRCDIR/sources_1/bd/Lab10/ip/Lab10_proc_sys_reset_0_0/Lab10_proc_sys_reset_0_0.upgrade_log">
      <FileInfo>
        <Attr Name="ImportPath" Val="$PPRDIR/../../../../../../E305Lab10MAC/E305Lab10MAC.srcs/sources_1/bd/Lab10/ip/Lab10_proc_sys_reset_0_0/Lab10_proc_sys_reset_0_0.upgrade_log"/>
        <Attr Name="ImportTime" Val="1434562774"/>
      </FileInfo>
    </File>
    <File Path="$PSRCDIR/sources_1/bd/Lab10/ip/Lab10_DA2RefComp_0_0/Lab10_DA2RefComp_0_0.upgrade_log">
      <FileInfo>
        <Attr Name="ImportPath" Val="$PPRDIR/../../../XadcMacDa2_Zybo/XadcMacDa2_Bsys3.srcs/sources_1/bd/Lab10/ip/Lab10_DA2RefComp_0_0/Lab10_DA2RefComp_0_0.upgrade_log"/>
        <Attr Name="ImportTime" Val="1438015472"/>
      </FileInfo>
    </File>
    <File Path="$PSRCDIR/sources_1/bd/Lab10/ip/Lab10_xlconstant_0_0/Lab10_xlconstant_0_0.upgrade_log">
      <FileInfo>
        <Attr Name="ImportPath" Val="$PPRDIR/../../../XadcMacDa2_Zybo/XadcMacDa2_Bsys3.srcs/sources_1/bd/Lab10/ip/Lab10_xlconstant_0_0/Lab10_xlconstant_0_0.upgrade_log"/>
        <Attr Name="ImportTime" Val="1454361802"/>
      </FileInfo>
    </File>
    <File Path="$PSRCDIR/sources_1/bd/Lab10/ip/Lab10_xlconstant_1_0/Lab10_xlconstant_1_0.upgrade_log">
      <FileInfo>
        <Attr Name="ImportPath" Val="$PPRDIR/../../../XadcMacDa2_Zybo/XadcMacDa2_Bsys3.srcs/sources_1/bd/Lab10/ip/Lab10_xlconstant_1_0/Lab10_xlconstant_1_0.upgrade_log"/>
        <Attr Name="ImportTime" Val="1454361802"/>
      </FileInfo>
    </File>
    <File Path="$PSRCDIR/sources_1/bd/Lab10/ip/Lab10_xlconstant_2_0/Lab10_xlconstant_2_0.upgrade_log">
      <FileInfo>
        <Attr Name="ImportPath" Val="$PPRDIR/../../../XadcMacDa2_Zybo/XadcMacDa2_Bsys3.srcs/sources_1/bd/Lab10/ip/Lab10_xlconstant_2_0/Lab10_xlconstant_2_0.upgrade_log"/>
        <Attr Name="ImportTime" Val="1454361804"/>
      </FileInfo>
    </File>
    <File Path="$PSRCDIR/sources_1/bd/Lab10/ip/Lab10_xlslice_0_0/Lab10_xlslice_0_0.upgrade_log">
      <FileInfo>
        <Attr Name="ImportPath" Val="$PPRDIR/../../../XadcMacDa2_Zybo/XadcMacDa2_Bsys3.srcs/sources_1/bd/Lab10/ip/Lab10_xlslice_0_0/Lab10_xlslice_0_0.upgrade_log"/>
        <Attr Name="ImportTime" Val="1454361804"/>
      </FileInfo>
    </File>
    <File Path="$PSRCDIR/sources_1/bd/Lab10/ip/Lab10_xadc_wiz_1_0/Lab10_xadc_wiz_1_0.upgrade_log">
      <FileInfo>
        <Attr Name="ImportPath" Val="$PPRDIR/../../../XadcMacDa2_Zybo/XadcMacDa2_Bsys3.srcs/sources_1/bd/Lab10/ip/Lab10_xadc_wiz_1_0/Lab10_xadc_wiz_1_0.upgrade_log"/>
        <Attr Name="ImportTime" Val="1454361800"/>
      </FileInfo>
    </File>
    <File Path="$PSRCDIR/sources_1/bd/Lab10/ip/Lab10_xlconstant_3_0/Lab10_xlconstant_3_0.upgrade_log">
      <FileInfo>
        <Attr Name="ImportPath" Val="$PPRDIR/../../../XadcMacDa2_Zybo/XadcMacDa2_Bsys3.srcs/sources_1/bd/Lab10/ip/Lab10_xlconstant_3_0/Lab10_xlconstant_3_0.upgrade_log"/>
        <Attr Name="ImportTime" Val="1454361804"/>
      </FileInfo>
    </File>
    <File Path="$PSRCDIR/sources_1/bd/Lab10/ip/Lab10_MACwClkDiv_0_2/Lab10_MACwClkDiv_0_2.upgrade_log"/>
    <Config>
      <Option Name="DesignMode" Val="RTL"/>
      <Option Name="TopModule" Val="Lab10_wrapper"/>
      <Option Name="TopAutoSet" Val="TRUE"/>
    </Config>
  </FileSet>
  <FileSet Name="constrs_in" Type="Constrs" RelSrcDir="$PSRCDIR/constrs_1">
    <Filter Type="Constrs"/>
    <File Path="$PSRCDIR/constrs_1/imports/ZYBO_Master_xdc/ZYBO_Master.xdc">
      <FileInfo>
        <Attr Name="ImportPath" Val="$PPRDIR/../../../Users/wwest/Downloads/ZYBO_Master_xdc/ZYBO_Master.xdc"/>
        <Attr Name="ImportTime" Val="1438016394"/>
        <Attr Name="UsedIn" Val="synthesis"/>
        <Attr Name="UsedIn" Val="implementation"/>
      </FileInfo>
    </File>
    <Config>
      <Option Name="ConstrsType" Val="XDC"/>
    </Config>
  </FileSet>
  <Strategy Version="1" Minor="2">
    <StratHandle Name="Vivado Synthesis Defaults" Flow="Vivado Synthesis 2014"/>
    <Step Id="synth_design"/>
  </Strategy>
</GenRun>
